<?xml version="1.0" encoding="UTF-8"?>
<project-private xmlns="http://www.netbeans.org/ns/project-private/1">
    <editor-bookmarks xmlns="http://www.netbeans.org/ns/editor-bookmarks/2" lastBookmarkId="0"/>
    <open-files xmlns="http://www.netbeans.org/ns/projectui-open-files/2">
        <group>
            <file>file:/C:/Users/acer/Documents/NetBeansProjects/kasirsateayah2/src/kasirsateayah2/koneksi.java</file>
            <file>file:/C:/Users/acer/Documents/NetBeansProjects/kasirsateayah2/src/kasirsateayah2/transaksii.java</file>
            <file>file:/C:/Users/acer/Documents/NetBeansProjects/kasirsateayah2/src/kasirsateayah2/login.java</file>
            <file>file:/C:/Users/acer/Documents/NetBeansProjects/kasirsateayah2/src/kasirsateayah2/databarangg.java</file>
            <file>file:/C:/Users/acer/Documents/NetBeansProjects/kasirsateayah2/src/controller/userModel.java</file>
            <file>file:/C:/Users/acer/Documents/NetBeansProjects/kasirsateayah2/src/kasirsateayah2/Registrasi.java</file>
            <file>file:/C:/Users/acer/Documents/NetBeansProjects/kasirsateayah2/src/controller/loginControl.java</file>
            <file>file:/C:/Users/acer/Documents/NetBeansProjects/kasirsateayah2/src/kasirsateayah2/MenuUtama.java</file>
            <file>file:/C:/Users/acer/Documents/NetBeansProjects/kasirsateayah2/src/controller/userDao.java</file>
        </group>
    </open-files>
</project-private>
